United States,17418.93,12.38
China,10380.38,7.87
Japan,4616.34,18.78
Germany,3859.55,9.59
United Kingdom,2945.15,6.28
France,2846.89,12.84
Brazil,2353.03,5.85
Italy,2147.95,4.76
India,2049.5,21.21
Russia,1857.46,19.62
Canada,1788.72,10
Australia,1444.19,10.65
Spain,1406.86,5.23
Mexico,1282.73,4.24
Indonesia,888.65,4.22
Netherlands,866.35,8.54
Turkey,806.11,7.92
Saudi Arabia,752.46,0.42
Switzerland,712.05,9.56
Nigeria,573.65,6.11
Sweden,570.14,11.43
Poland,546.64,16.95
Argentina,540.16,10.31
Belgium,534.67,14.64
Norway,500.24,9.28
Austria,437.12,11.87
Colombia,384.9,5.62
Thailand,373.8,11.48
South Africa,350.08,3
Denmark,340.81,9.19
Malaysia,326.93,2.98
Singapore,308.05,7.69
Israel,303.77,6.02
Egypt,286.44,1.74
Philippines,284.93,2.94
Finland,271.17,15.11
Chile,257.97,12.21
Pakistan,250.14,9.16
Ireland,246.44,11.06
Greece,238.02,3.86
Portugal,230.01,8.49
Iraq,221.13,1.61
Algeria,214.08,1.89
Kazakhstan,212.26,24.02
Qatar,210,4.31
